empId,name,gender,birthDate,ageBand,orgGroupCode,orgGroup,deptCode,department,jobFamily,level,stage,employmentType,status,leaveType,leaveStart,hireDate,contractEndDate,priorExperienceMonths,tenureYears,tenureYear,tenureBand,totalExperienceYears,totalExperienceBand,unresolvedFlags,sourceRowIndex
E0001,한석기,여성,1992-12-09,30대,G1,Build,D04,Design,Design,Director,Seed,정규직,재직,,,2019-02-05,,54,7.63,8,5년+,12.13,12년+,,0
E0002,하훈희,여성,1979-09-23,40대,G3,Operations,D10,Finance,Finance,Director,Seed,정규직,재직,,,2019-03-05,,177,7.55,8,5년+,22.30,12년+,,1
E0003,윤라건,남성,1978-03-04,40대,G2,Go-To-Market,D07,Marketing,Marketing,Manager,Seed,정규직,재직,,,2019-03-11,,51,7.54,8,5년+,11.79,7~12년,,2
E0004,엄환서,남성,1975-05-14,50대+,G1,Build,D03,Engineering,Engineering,Director,Seed,정규직,재직,,,2019-02-10,,147,7.62,8,5년+,19.87,12년+,,3
E0005,정진시,남성,1993-04-10,30대,G1,Build,D03,Engineering,Engineering,Lead,Seed,계약직,재직,,,2019-03-30,2027-10-12,32,7.49,8,5년+,10.16,7~12년,,4
E0006,서지훈,남성,1977-02-14,40대,G2,Go-To-Market,D06,Sales,Sales,Manager,Seed,정규직,재직,,,2019-03-03,,173,7.56,8,5년+,21.98,12년+,,5
E0007,백동희,여성,1984-03-02,40대,G3,Operations,D10,Finance,Finance,Director,Seed,정규직,재직,,,2019-02-18,,164,7.59,8,5년+,21.26,12년+,,6
E0008,나상호,여성,1979-05-02,40대,G2,Go-To-Market,D08,Customer Success,Customer Success,VP,Seed,정규직,재직,,,2019-05-07,,183,7.38,8,5년+,22.63,12년+,,7
E0009,박은태,남성,1988-12-12,30대,G1,Build,D03,Engineering,Engineering,Manager,Seed,정규직,재직,,,2019-05-19,,46,7.35,8,5년+,11.18,7~12년,,8
E0010,심희율,남성,1966-05-12,50대+,G1,Build,D04,Design,Design,VP,Seed,정규직,재직,,,2019-03-11,,84,7.54,8,5년+,14.54,12년+,,9
E0011,심하선,남성,1988-10-20,30대,G1,Build,D03,Engineering,Engineering,Manager,Seed,정규직,재직,,,2019-04-25,,112,7.41,8,5년+,16.74,12년+,,10
E0012,김아예,여성,1987-04-06,30대,G1,Build,D03,Engineering,Engineering,Lead,Seed,파견,재직,,,2019-04-08,2027-07-21,10,7.46,8,5년+,8.29,7~12년,,11
E0013,원아리,여성,1986-12-27,30대,G1,Build,D03,Engineering,Engineering,Manager,Seed,정규직,재직,,,2019-05-10,,59,7.37,8,5년+,12.29,12년+,,12
E0014,손민하,남성,1997-05-19,20대,G1,Build,D03,Engineering,Engineering,Lead,Seed,정규직,재직,,,2019-04-23,,13,7.42,8,5년+,8.50,7~12년,,13
E0015,류훈원,남성,1985-07-26,40대,G1,Build,D05,Data & AI,Data/AI,Lead,Seed,계약직,재직,,,2019-04-27,2026-09-30,37,7.41,8,5년+,10.49,7~12년,,14
E0016,곽율하,여성,1982-05-19,40대,G0,Executive,D01,CEO Office,Executive,VP,Seed,정규직,재직,,,2019-05-25,,109,7.33,8,5년+,16.41,12년+,,15
E0017,심환라,남성,1980-06-21,40대,G1,Build,D05,Data & AI,Product,Lead,Seed,정규직,재직,,,2019-04-20,,36,7.43,8,5년+,10.43,7~12년,,16
E0018,백규연,남성,1992-05-15,30대,G1,Build,D02,Product,Product,Senior,Seed,정규직,재직,,,2019-06-19,,22,7.26,8,5년+,9.09,7~12년,,17
E0019,전예재,여성,1994-03-06,30대,G1,Build,D02,Product,Product,Lead,Seed,정규직,재직,,,2019-07-02,,51,7.23,8,5년+,11.48,7~12년,,18
E0020,김원재,남성,1986-11-23,30대,G1,Build,D02,Product,Product,Manager,Seed,정규직,재직,,,2019-06-12,,113,7.28,8,5년+,16.70,12년+,,19
E0021,장성영,여성,1978-12-13,40대,G1,Build,D05,Data & AI,Data/AI,Lead,Seed,정규직,재직,,,2019-04-27,,39,7.41,8,5년+,10.66,7~12년,,20
E0022,민태시,남성,1979-04-17,40대,G3,Operations,D10,Finance,Finance,Senior,Seed,정규직,재직,,,2019-05-07,,12,7.38,8,5년+,8.38,7~12년,,21
E0023,엄환도,남성,1985-12-01,40대,G3,Operations,D09,People,People,VP,Seed,정규직,재직,,,2019-05-18,,134,7.35,8,5년+,18.52,12년+,,22
E0024,신태연,여성,1994-11-18,30대,G0,Executive,D01,CEO Office,Executive,VP,Seed,정규직,재직,,,2019-06-17,,26,7.27,8,5년+,9.44,7~12년,,23
E0025,심준재,여성,1980-10-26,40대,G1,Build,D03,Engineering,Engineering,Director,Seed,정규직,재직,,,2019-08-04,,197,7.14,8,5년+,23.56,12년+,,24
E0026,최나호,여성,1989-07-20,30대,G1,Build,D02,Product,Product,Manager,Seed,정규직,재직,,,2019-08-01,,75,7.15,8,5년+,13.40,12년+,,25
E0027,손라은,여성,1992-09-25,30대,G2,Go-To-Market,D08,Customer Success,Customer Success,Senior,Seed,정규직,재직,,,2019-09-16,,64,7.02,8,5년+,12.35,12년+,,26
E0028,구석선,남성,1966-01-21,50대+,G2,Go-To-Market,D08,Customer Success,Customer Success,Manager,Seed,정규직,재직,,,2019-10-03,,119,6.97,7,5년+,16.89,12년+,,27
E0029,천유준,여성,1980-08-10,40대,G1,Build,D03,Engineering,Engineering,Director,Seed,정규직,재직,,,2019-09-03,,193,7.06,8,5년+,23.14,12년+,,28
E0030,주주다,남성,1990-06-18,30대,G2,Go-To-Market,D06,Sales,Sales,Manager,Seed,정규직,재직,,,2019-08-24,,64,7.08,8,5년+,12.41,12년+,,29
E0031,문민석,미응답,1980-11-16,40대,G2,Go-To-Market,D06,Sales,Sales,IC2,Seed,정규직,휴직,기타,2026-08-05,2019-11-12,,101,6.86,7,5년+,15.28,12년+,status-inconsistency,30
E0032,심동서,남성,1977-02-24,40대,G2,Go-To-Market,D06,Sales,Sales,Lead,Seed,계약직,재직,,,2019-10-15,2028-01-09,19,6.94,7,5년+,8.52,7~12년,,31
E0033,심수도,남성,1987-05-14,30대,G1,Build,D02,Product,Product,Manager,Seed,정규직,재직,,,2019-10-27,,136,6.91,7,5년+,18.24,12년+,,32
E0034,양승지,남성,1988-07-03,30대,G2,Go-To-Market,D06,Sales,Sales,Lead,Seed,정규직,재직,,,2020-01-10,,12,6.70,7,5년+,7.70,7~12년,,33
E0035,김호태,여성,1992-09-09,30대,G2,Go-To-Market,D06,Sales,Sales,Senior,Seed,정규직,재직,,,2020-01-23,,3,6.67,7,5년+,6.92,3~7년,,34
E0036,윤채영,남성,1989-03-17,30대,G1,Build,D04,Design,Design,Manager,Seed,정규직,재직,,,2020-02-02,,40,6.64,7,5년+,9.97,7~12년,,35
E0037,허석도,남성,1992-04-13,30대,G0,Executive,D01,CEO Office,Executive,VP,Seed,정규직,재직,,,2020-02-15,,31,6.60,7,5년+,9.18,7~12년,,36
E0038,손재규,남성,1976-10-03,40대,G1,Build,D03,Engineering,Engineering,Senior,Seed,정규직,재직,,,2020-02-03,,33,6.64,7,5년+,9.39,7~12년,,37
E0039,강아상,여성,1984-11-17,40대,G1,Build,D03,Engineering,Engineering,Lead,Seed,정규직,재직,,,2020-01-13,,26,6.69,7,5년+,8.86,7~12년,,38
E0040,안환선,여성,1985-05-26,40대,G1,Build,D04,Design,Design,Lead,Seed,정규직,재직,,,2020-02-04,,60,6.63,7,5년+,11.63,7~12년,,39
E0041,정영원,여성,1987-05-15,30대,G1,Build,D03,Engineering,Engineering,Director,Seed,정규직,재직,,,2020-01-01,,130,6.73,7,5년+,17.56,12년+,,40
E0042,조영서,여성,1989-03-04,30대,G1,Build,D05,Data & AI,Data/AI,Lead,Seed,정규직,재직,,,2020-03-03,,26,6.56,7,5년+,8.73,7~12년,,41
E0043,홍서철,여성,1988-03-13,30대,G1,Build,D03,Engineering,Engineering,IC2,Seed,정규직,휴직,질병휴직,2026-08-06,2020-01-21,,57,6.67,7,5년+,11.42,7~12년,,42
E0044,나원현,미응답,1988-10-18,30대,G1,Build,D03,Engineering,Engineering,Lead,Seed,정규직,재직,,,2020-02-15,,38,6.60,7,5년+,9.77,7~12년,,43
E0045,구희연,여성,1991-08-04,30대,G1,Build,D02,Product,Product,Lead,Seed,정규직,재직,,,2020-01-29,,68,6.65,7,5년+,12.32,12년+,,44
E0046,류석주,여성,1993-04-01,30대,G1,Build,D03,Engineering,Engineering,Senior,Seed,계약직,재직,,,2020-02-09,,1,6.62,7,5년+,6.70,3~7년,missing-required,45
E0047,허서동,여성,1986-11-11,30대,G1,Build,D03,Engineering,Engineering,Senior,Seed,정규직,재직,,,2020-02-13,,14,6.61,7,5년+,7.78,7~12년,,46
E0048,하규진,남성,1979-01-26,40대,G3,Operations,D11,Legal & Compliance,Legal,Senior,Seed,정규직,재직,,,2020-02-14,,15,6.61,7,5년+,7.86,7~12년,,47
E0049,서태건,남성,1991-06-23,30대,G2,Go-To-Market,D08,Customer Success,Customer Success,Senior,Seed,계약직,휴직,기타,2026-08-28,2020-02-24,2027-05-03,51,6.58,7,5년+,10.83,7~12년,status-inconsistency,48
E0050,문현희,여성,1976-11-13,40대,G2,Go-To-Market,D06,Sales,Sales,Manager,Seed,정규직,재직,,,2020-02-15,,111,6.60,7,5년+,15.85,12년+,,49
E0051,우동철,미응답,1986-01-24,40대,G3,Operations,D10,Finance,Finance,Senior,Series A,정규직,재직,,,2020-04-12,,14,6.45,7,5년+,7.62,7~12년,,50
E0052,채하인,미응답,1979-01-14,40대,G2,Go-To-Market,D06,Sales,Sales,Lead,Seed,정규직,재직,,,2020-02-22,,38,6.58,7,5년+,9.75,7~12년,,51
E0053,임승민,여성,1997-05-01,20대,G1,Build,D04,Design,Design,Senior,Seed,정규직,재직,,,2020-03-07,,21,6.55,7,5년+,8.30,7~12년,,52
E0054,신라인,미응답,1967-08-17,50대+,G1,Build,D05,Data & AI,Data/AI,Lead,Series A,정규직,재직,,,2020-04-11,,55,6.45,7,5년+,11.03,7~12년,,53
E0055,황철빈,여성,1989-05-08,30대,G1,Build,D05,Data & AI,Engineering,Senior,Series A,정규직,재직,,,2020-03-31,,52,6.48,7,5년+,10.81,7~12년,,54
E0056,나하민,여성,1976-07-10,50대+,G1,Build,D05,Data & AI,Product,Manager,Series A,정규직,재직,,,2020-04-15,,52,6.44,7,5년+,10.77,7~12년,,55
E0057,진미하,남성,1982-02-16,40대,G2,Go-To-Market,D08,Customer Success,Customer Success,Director,Series A,정규직,재직,,,2020-06-01,,199,6.31,7,5년+,22.89,12년+,,56
E0058,노채태,남성,1967-04-04,50대+,G2,Go-To-Market,D06,Sales,Sales,Lead,Series A,정규직,재직,,,2020-04-22,,14,6.42,7,5년+,7.59,7~12년,,57
E0059,고건나,남성,1977-02-08,40대,G1,Build,D03,Engineering,Engineering,Senior,Series A,정규직,재직,,,2020-05-04,,54,6.39,7,5년+,10.89,7~12년,,58
E0060,정호찬,남성,1976-11-17,40대,G3,Operations,D11,Legal & Compliance,Legal,Manager,Series A,정규직,재직,,,2020-07-02,,46,6.23,7,5년+,10.06,7~12년,,59
E0061,채예라,남성,1987-07-11,30대,G2,Go-To-Market,D06,Sales,Sales,Lead,Series A,정규직,재직,,,2020-06-04,,38,6.30,7,5년+,9.47,7~12년,,60
E0062,곽상승,여성,1992-11-07,30대,G1,Build,D05,Data & AI,Data/AI,Manager,Series A,정규직,재직,,,2020-06-05,,78,6.30,7,5년+,12.80,12년+,,61
E0063,하석소,남성,1986-12-21,30대,G1,Build,D05,Data & AI,Data/AI,Director,Series A,정규직,재직,,,2020-08-15,,151,6.11,7,5년+,18.69,12년+,,63
E0064,허은선,남성,1974-07-19,50대+,G3,Operations,D10,Finance,Finance,VP,Series A,정규직,재직,,,2020-07-08,,197,6.21,7,5년+,22.63,12년+,,64
E0065,하리미,여성,1980-11-12,40대,G1,Build,D02,Product,Product,Director,Series A,정규직,재직,,,2020-09-13,,211,6.03,7,5년+,23.61,12년+,,65
E0066,남연우,여성,1990-04-05,30대,G2,Go-To-Market,D07,Marketing,Marketing,Lead,Series A,정규직,재직,,,2020-08-31,,63,6.06,7,5년+,11.31,7~12년,,66
E0067,류나수,여성,1979-09-29,40대,G2,Go-To-Market,D08,Customer Success,Customer Success,Senior,Series A,정규직,재직,,,2020-10-07,,15,5.96,6,5년+,7.21,7~12년,,67
E0068,조유은,여성,1987-04-14,30대,G1,Build,D05,Data & AI,Engineering,Manager,Series A,정규직,재직,,,2020-10-09,,155,5.95,6,5년+,18.87,12년+,,68
E0069,황유영,여성,1988-11-12,30대,G1,Build,D03,Engineering,Engineering,Manager,Series A,정규직,재직,,,2020-08-21,,113,6.09,7,5년+,15.51,12년+,,70
E0070,정철라,남성,1989-12-25,30대,G2,Go-To-Market,D08,Customer Success,Customer Success,Manager,Series A,정규직,재직,,,2020-09-30,,63,5.98,6,5년+,11.23,7~12년,,71
E0071,윤상찬,남성,1978-10-28,40대,G1,Build,D03,Engineering,Engineering,Manager,Series A,정규직,재직,,,2020-10-23,,173,5.92,6,5년+,20.34,12년+,,72
E0072,서연경,여성,1996-02-21,30대,G3,Operations,D10,Finance,Finance,Senior,Series A,정규직,재직,,,2020-11-28,,19,5.82,6,5년+,7.40,7~12년,,73
E0073,공승환,여성,1981-12-18,40대,G1,Build,D03,Engineering,Engineering,Manager,Series A,정규직,재직,,,2020-10-16,,152,5.94,6,5년+,18.61,12년+,,74
E0074,윤아라,여성,1988-06-08,30대,G2,Go-To-Market,D08,Customer Success,Customer Success,Manager,Series A,정규직,재직,,,2020-11-20,,140,5.84,6,5년+,17.51,12년+,,76
E0075,정정성,여성,1989-11-03,30대,G2,Go-To-Market,D08,Customer Success,Customer Success,Senior,Series A,정규직,재직,,,2020-10-20,,10,5.92,6,5년+,6.75,3~7년,,77
E0076,김재우,남성,1976-10-04,40대,G1,Build,D02,Product,Product,VP,Series A,정규직,재직,,,2020-11-11,,212,5.86,6,5년+,23.53,12년+,,78
E0077,성훈희,남성,1979-12-31,40대,G2,Go-To-Market,D06,Sales,Sales,Senior,Series A,계약직,재직,,,2020-12-19,2028-02-23,9,5.76,6,5년+,6.51,3~7년,,79
E0078,천동하,남성,1991-05-20,30대,G1,Build,D03,Engineering,Engineering,Senior,Series A,정규직,재직,,,2020-12-09,,9,5.79,6,5년+,6.54,3~7년,,80
E0079,류아예,여성,1993-01-09,30대,G2,Go-To-Market,D08,Customer Success,Customer Success,Lead,Series A,파견,재직,,,2020-11-13,2026-11-09,36,5.86,6,5년+,8.86,7~12년,,81
E0080,우기주,미응답,1989-12-04,30대,G1,Build,D04,Design,Design,Senior,Series A,정규직,재직,,,2021-01-20,,21,5.67,6,5년+,7.42,7~12년,,82
E0081,현빈찬,남성,1990-04-20,30대,G1,Build,D02,Product,Product,Senior,Series A,정규직,재직,,,2021-01-09,,23,5.70,6,5년+,7.62,7~12년,,83
E0082,정우시,여성,1997-04-01,20대,G3,Operations,D09,People,People,Senior,Series A,정규직,재직,,,2020-11-26,,28,5.82,6,5년+,8.15,7~12년,,84
E0083,구진혜,남성,1978-01-22,40대,G3,Operations,D11,Legal & Compliance,Legal,VP,Series A,정규직,재직,,,2021-01-17,,203,5.68,6,5년+,22.60,12년+,,85
E0084,유재규,여성,1983-06-13,40대,G3,Operations,D10,Finance,Finance,Manager,Series A,정규직,재직,,,2021-02-27,,80,5.57,6,5년+,12.24,12년+,,86
E0085,정호현,여성,1981-02-15,40대,G1,Build,D02,Product,Product,IC2,Series A,정규직,휴직,기타,2026-07-02,2021-02-07,,86,5.62,6,5년+,12.79,12년+,,87
E0086,정선건,남성,1986-04-25,40대,G1,Build,D02,Product,Product,Lead,Series A,계약직,재직,,,2021-02-20,2027-07-16,69,5.59,6,5년+,11.34,7~12년,,88
E0087,심철리,여성,1996-02-27,30대,G0,Executive,D01,CEO Office,Executive,Senior,Series A,정규직,재직,,,2021-02-05,,12,5.63,6,5년+,6.63,3~7년,,89
E0088,주서우,남성,1989-12-18,30대,G3,Operations,D10,Finance,Finance,Senior,Series A,정규직,재직,,,2021-04-26,,56,5.41,6,5년+,10.08,7~12년,,90
E0089,손지민,남성,1990-04-19,30대,G3,Operations,D09,People,People,Director,Series A,정규직,재직,,,2021-06-04,,71,5.30,6,5년+,11.22,7~12년,,91
E0090,허경석,여성,1987-08-27,30대,G1,Build,D03,Engineering,Engineering,Lead,Series A,계약직,재직,,,2021-05-13,2026-11-14,35,5.36,6,5년+,8.28,7~12년,,92
E0091,홍훈승,여성,1987-07-07,30대,G1,Build,D03,Engineering,Engineering,Manager,Series A,정규직,휴직,질병휴직,2025-12-08,2021-05-26,,8,5.33,6,5년+,6.00,3~7년,,93
E0092,지성혜,여성,1996-12-25,20대,G2,Go-To-Market,D07,Marketing,Marketing,Senior,Series A,정규직,재직,,,2021-05-15,,9,5.36,6,5년+,6.11,3~7년,,94
E0093,한다연,남성,1982-01-19,40대,G1,Build,D02,Product,Product,Director,Series A,정규직,재직,,,2021-05-02,,190,5.39,6,5년+,21.22,12년+,,95
E0094,양동희,남성,1992-12-17,30대,G1,Build,D03,Engineering,Engineering,Lead,Series A,정규직,재직,,,2021-06-30,,50,5.23,6,5년+,9.40,7~12년,,96
E0095,천승율,남성,1989-11-01,30대,G2,Go-To-Market,D06,Sales,Sales,Lead,Series A,정규직,재직,,,2021-04-23,,62,5.42,6,5년+,10.59,7~12년,,97
E0096,남동유,여성,1987-05-29,30대,G2,Go-To-Market,D06,Sales,Sales,Manager,Series A,정규직,재직,,,2021-06-03,,159,5.31,6,5년+,18.56,12년+,,98
E0097,주호지,미응답,1978-09-06,40대,G1,Build,D03,Engineering,Engineering,Lead,Series A,정규직,재직,,,2021-06-07,,74,5.30,6,5년+,11.47,7~12년,,99
E0098,조나소,남성,1965-12-24,50대+,G1,Build,D02,Product,Product,Manager,Series A,정규직,재직,,,2021-05-17,,117,5.35,6,5년+,15.10,12년+,,100
E0099,정경지,여성,1997-04-08,20대,G2,Go-To-Market,D06,Sales,Sales,Senior,Series A,계약직,재직,,,2021-07-26,2027-07-20,35,5.16,6,5년+,8.08,7~12년,,101
E0100,채건주,여성,1971-10-13,50대+,G1,Build,D02,Product,Product,Manager,Series A,정규직,재직,,,2021-07-12,,69,5.20,6,5년+,10.95,7~12년,,102
E0101,심채유,남성,1997-09-17,20대,G2,Go-To-Market,D08,Customer Success,Customer Success,Lead,Series A,계약직,재직,,,2021-08-08,2027-03-26,40,5.13,6,5년+,8.46,7~12년,,103
E0102,손기유,남성,1996-11-09,20대,G2,Go-To-Market,D08,Customer Success,Customer Success,Lead,Series A,정규직,재직,,,2021-07-07,,24,5.21,6,5년+,7.21,7~12년,,104
E0103,주정혜,미응답,1992-09-13,30대,G3,Operations,D10,Finance,Finance,IC2,Series A,정규직,휴직,질병휴직,2025-12-14,2021-07-28,,17,5.16,6,5년+,6.58,3~7년,,105
E0104,우주윤,여성,1988-03-13,30대,G1,Build,D03,Engineering,Engineering,Manager,Series A,정규직,재직,,,2021-09-02,,129,5.06,6,5년+,15.81,12년+,,107
E0105,심유영,남성,1980-11-21,40대,G2,Go-To-Market,D06,Sales,Sales,Director,Series A,정규직,재직,,,2021-10-09,,172,4.96,5,3~5년,19.29,12년+,,108
E0106,허원석,남성,1993-09-29,30대,G2,Go-To-Market,D08,Customer Success,Customer Success,IC3,Series A,정규직,재직,,,2021-11-22,,14,4.84,5,3~5년,6.01,3~7년,,109
E0107,지호혜,여성,1979-11-01,40대,G2,Go-To-Market,D07,Marketing,Marketing,Director,Series A,정규직,재직,,,2021-10-19,,181,4.93,5,3~5년,20.01,12년+,,110
E0108,송철환,남성,1997-04-26,20대,G3,Operations,D09,People,People,IC3,Series A,정규직,재직,,,2021-10-10,,14,4.95,5,3~5년,6.12,3~7년,,111
E0109,우인희,남성,1981-12-11,40대,G1,Build,D05,Data & AI,Product,Director,Series A,정규직,재직,,,2021-10-23,,199,4.92,5,3~5년,21.50,12년+,,112
E0110,공인도,남성,1978-07-17,40대,G1,Build,D02,Product,Product,Director,Series A,정규직,재직,,,2021-11-08,,182,4.87,5,3~5년,20.04,12년+,,113
E0111,차철연,남성,1993-10-11,30대,G1,Build,D05,Data & AI,Data/AI,Lead,Series A,정규직,휴직,육아휴직,2026-02-04,2021-11-02,,35,4.89,5,3~5년,7.81,7~12년,,114
E0112,현규빈,남성,1979-07-04,40대,G1,Build,D03,Engineering,Engineering,Director,Series A,정규직,재직,,,2021-12-18,,174,4.76,5,3~5년,19.26,12년+,,115
E0113,배훈기,여성,1988-11-16,30대,G1,Build,D03,Engineering,Engineering,Lead,Series A,정규직,재직,,,2022-01-10,,85,4.70,5,3~5년,11.78,7~12년,,116
E0114,윤나서,여성,1996-12-20,20대,G1,Build,D05,Data & AI,Data/AI,IC3,Series A,정규직,재직,,,2021-11-13,,30,4.86,5,3~5년,7.36,7~12년,,117
E0115,남현환,여성,1994-12-13,30대,G1,Build,D03,Engineering,Engineering,Senior,Series A,정규직,재직,,,2021-12-28,,17,4.74,5,3~5년,6.16,3~7년,,118
E0116,배건찬,남성,1983-04-16,40대,G1,Build,D02,Product,Product,Lead,Series A,정규직,재직,,,2022-01-08,,81,4.71,5,3~5년,11.46,7~12년,,119
E0117,유호영,남성,1981-10-31,40대,G1,Build,D03,Engineering,Engineering,Director,Series A,정규직,재직,,,2022-02-09,,227,4.62,5,3~5년,23.54,12년+,,120
E0118,원준재,남성,1989-01-17,30대,G1,Build,D04,Design,Design,Lead,Series A,정규직,재직,,,2022-01-21,,54,4.67,5,3~5년,9.17,7~12년,,121
E0119,강기호,여성,1991-11-30,30대,G1,Build,D03,Engineering,Engineering,Manager,Series A,정규직,재직,,,2022-02-18,,76,4.59,5,3~5년,10.92,7~12년,,122
E0120,백유율,남성,1987-02-02,30대,G1,Build,D03,Engineering,Engineering,Director,Series A,정규직,재직,,,2021-12-29,,167,4.73,5,3~5년,18.65,12년+,,123
E0121,류민리,여성,1982-05-09,40대,G2,Go-To-Market,D06,Sales,Sales,Manager,Series A,정규직,휴직,육아휴직,2026-03-19,2022-02-21,,120,4.59,5,3~5년,14.59,12년+,,124
E0122,한석진,여성,1985-06-17,40대,G1,Build,D03,Engineering,Engineering,Senior,Series A,정규직,재직,,,2022-01-11,,74,4.70,5,3~5년,10.87,7~12년,,125
E0123,장채라,여성,1983-11-22,40대,G1,Build,D05,Data & AI,Data/AI,Senior,Series A,정규직,재직,,,2022-01-20,,49,4.67,5,3~5년,8.75,7~12년,,126
E0124,한아성,남성,1995-04-12,30대,G3,Operations,D09,People,People,Senior,Series A,정규직,재직,,,2022-02-21,,57,4.59,5,3~5년,9.34,7~12년,,127
E0125,구정리,남성,1998-08-26,20대,G1,Build,D04,Design,Design,Senior,Series A,정규직,재직,,,2022-01-29,,27,4.65,5,3~5년,6.90,3~7년,,128
E0126,민다진,여성,1988-05-13,30대,G2,Go-To-Market,D06,Sales,Sales,Lead,Series A,파견,재직,,,2022-02-10,2027-01-27,81,4.62,5,3~5년,11.37,7~12년,,129
E0127,채주채,남성,1992-11-09,30대,G1,Build,D05,Data & AI,Data/AI,Lead,Series A,파견,재직,,,2022-01-18,2026-12-10,55,4.68,5,3~5년,9.26,7~12년,,131
E0128,손수아,남성,1988-07-10,30대,G1,Build,D03,Engineering,Engineering,IC3,Series A,정규직,재직,,,2022-01-20,,11,4.67,5,3~5년,5.59,3~7년,,132
E0129,송수미,남성,1976-10-16,40대,G1,Build,D02,Product,Product,Director,Series A,정규직,재직,,,2022-03-15,,203,4.53,5,3~5년,21.45,12년+,,133
E0130,성영영,여성,1985-01-12,40대,G1,Build,D02,Product,Product,Director,Series A,정규직,재직,,,2022-02-08,,192,4.62,5,3~5년,20.62,12년+,,134
E0131,박도석,남성,1991-04-17,30대,G2,Go-To-Market,D07,Marketing,Marketing,Lead,Series A,정규직,재직,,,2022-03-02,,79,4.56,5,3~5년,11.14,7~12년,,135
E0132,노수다,남성,1991-08-08,30대,G1,Build,D03,Engineering,Engineering,Manager,Series A,정규직,재직,,,2022-02-03,,80,4.64,5,3~5년,11.31,7~12년,,136
E0133,현경서,여성,1982-09-04,40대,G1,Build,D05,Data & AI,Data/AI,IC3,Series A,계약직,재직,,,2022-04-09,2027-06-21,12,4.46,5,3~5년,5.46,3~7년,,137
E0134,배미은,여성,1994-04-25,30대,G1,Build,D03,Engineering,Engineering,Senior,Series A,정규직,재직,,,2022-02-06,,41,4.63,5,3~5년,8.05,7~12년,,138
E0135,손석아,미응답,1986-11-30,30대,G2,Go-To-Market,D06,Sales,Sales,Manager,Series A,정규직,재직,,,2022-04-15,,170,4.44,5,3~5년,18.61,12년+,,139
E0136,원석서,여성,1993-02-23,30대,G2,Go-To-Market,D06,Sales,Sales,IC3,Series A,정규직,재직,,,2022-05-22,,18,4.34,5,3~5년,5.84,3~7년,,140
E0137,양재연,여성,1992-05-28,30대,G2,Go-To-Market,D07,Marketing,Marketing,Senior,Series A,정규직,재직,,,2022-03-12,,41,4.53,5,3~5년,7.95,7~12년,,141
E0138,유민철,미응답,1991-09-24,30대,G2,Go-To-Market,D08,Customer Success,Customer Success,IC3,Series A,정규직,재직,,,2022-05-28,,5,4.32,5,3~5년,4.74,3~7년,,142
E0139,구경원,여성,1999-05-31,20대,G2,Go-To-Market,D06,Sales,Sales,IC3,Series A,정규직,재직,,,2022-05-04,,16,4.39,5,3~5년,5.72,3~7년,,143
E0140,이라진,남성,1965-10-15,50대+,G1,Build,D03,Engineering,Engineering,Director,Series A,정규직,재직,,,2022-07-09,,165,4.21,5,3~5년,17.96,12년+,,144
E0141,배수환,남성,1989-03-31,30대,G3,Operations,D09,People,People,Lead,Series A,정규직,재직,,,2022-06-23,,105,4.25,5,3~5년,13.00,12년+,,145
E0142,백윤상,남성,1992-04-10,30대,G2,Go-To-Market,D06,Sales,Sales,Senior,Series A,정규직,재직,,,2022-05-31,,58,4.31,5,3~5년,9.14,7~12년,,146
E0143,주혜상,남성,1989-07-29,30대,G1,Build,D04,Design,Design,Lead,Series A,파견,재직,,,2022-06-01,2026-11-07,44,4.31,5,3~5년,7.98,7~12년,,148
E0144,조윤기,남성,1997-09-13,20대,G3,Operations,D10,Finance,Finance,Lead,Series A,정규직,재직,,,2022-06-25,,25,4.25,5,3~5년,6.33,3~7년,,149
E0145,이민현,남성,1996-02-04,30대,G1,Build,D03,Engineering,Engineering,Senior,Series A,정규직,재직,,,2022-05-24,,61,4.33,5,3~5년,9.41,7~12년,,150
E0146,권건예,여성,1982-08-13,40대,G1,Build,D03,Engineering,Engineering,VP,Series A,정규직,재직,,,2022-07-16,,226,4.19,5,3~5년,23.02,12년+,,151
E0147,임빈주,미응답,1980-05-23,40대,G1,Build,D03,Engineering,Engineering,Manager,Series A,정규직,재직,,,2022-06-26,,192,4.24,5,3~5년,20.24,12년+,,152
E0148,송상재,남성,1982-07-23,40대,G2,Go-To-Market,D06,Sales,Sales,Manager,Series A,계약직,재직,,,2022-07-13,2027-10-16,78,4.20,5,3~5년,10.70,7~12년,,153
E0149,이성채,미응답,1979-09-11,40대,G1,Build,D02,Product,Product,Senior,Series A,정규직,재직,,,2022-06-26,,48,4.24,5,3~5년,8.24,7~12년,,154
E0150,진규라,여성,1978-02-17,40대,G2,Go-To-Market,D07,Marketing,Marketing,VP,Series A,정규직,재직,,,2022-07-05,,190,4.22,5,3~5년,20.05,12년+,,155
E0151,문예빈,남성,1995-01-08,30대,G2,Go-To-Market,D08,Customer Success,Customer Success,Senior,Series A,파견,재직,,,2022-08-03,2028-02-27,21,4.14,5,3~5년,5.89,3~7년,,156
E0152,방서태,남성,1994-01-03,30대,G2,Go-To-Market,D08,Customer Success,Customer Success,IC3,Series A,정규직,재직,,,2022-07-09,,17,4.21,5,3~5년,5.63,3~7년,,157
E0153,권찬빈,여성,1993-12-29,30대,G3,Operations,D10,Finance,Finance,Lead,Series A,계약직,재직,,,2022-09-11,2027-07-17,83,4.03,5,3~5년,10.95,7~12년,,158
E0154,원서호,남성,1995-05-17,30대,G2,Go-To-Market,D07,Marketing,Marketing,IC3,Series A,정규직,재직,,,2022-08-03,,32,4.14,5,3~5년,6.81,3~7년,,159
E0155,곽지라,여성,1988-07-23,30대,G1,Build,D05,Data & AI,Data/AI,Lead,Series A,정규직,재직,,,2022-08-11,,85,4.12,5,3~5년,11.20,7~12년,,160
E0156,엄은민,남성,1990-04-24,30대,G1,Build,D03,Engineering,Engineering,Senior,Series A,파견,재직,,,2022-09-27,2026-11-14,60,3.99,4,3~5년,8.99,7~12년,,161
E0157,나다환,남성,1991-06-12,30대,G3,Operations,D11,Legal & Compliance,Legal,Senior,Series A,정규직,재직,,,2022-10-03,,49,3.97,4,3~5년,8.05,7~12년,,162
E0158,한시철,남성,1991-07-02,30대,G2,Go-To-Market,D06,Sales,Sales,IC3,Series A,정규직,재직,,,2022-10-27,,21,3.91,4,3~5년,5.66,3~7년,,163
E0159,심찬지,남성,1985-01-19,40대,G2,Go-To-Market,D07,Marketing,Marketing,Senior,Series A,정규직,재직,,,2022-09-28,,79,3.99,4,3~5년,10.57,7~12년,,164
E0160,문경라,여성,1995-05-22,30대,G1,Build,D03,Engineering,Engineering,Senior,Series A,정규직,재직,,,2022-11-28,,75,3.82,4,3~5년,10.07,7~12년,,165
E0161,남동소,여성,1997-12-25,20대,G1,Build,D03,Engineering,Engineering,Manager,Series A,정규직,휴직,육아휴직,2026-07-23,2022-12-29,,50,3.73,4,3~5년,7.90,7~12년,,166
E0162,강채정,여성,1977-12-14,40대,G1,Build,D04,Design,Design,Senior,Series A,정규직,재직,,,2023-01-13,,59,3.69,4,3~5년,8.61,7~12년,,167
E0163,고경다,여성,1987-11-01,30대,G1,Build,D05,Data & AI,Engineering,Manager,Series A,정규직,재직,,,2023-01-15,,108,3.69,4,3~5년,12.69,12년+,,168
E0164,윤동채,남성,1992-07-05,30대,G2,Go-To-Market,D08,Customer Success,Customer Success,Senior,Series A,정규직,재직,,,2022-11-29,,65,3.82,4,3~5년,9.24,7~12년,,169
E0165,한미나,여성,1995-06-16,30대,G1,Build,D03,Engineering,Engineering,IC3,Series A,정규직,재직,,,2023-01-11,,6,3.70,4,3~5년,4.20,3~7년,,170
E0166,서라나,여성,1995-08-13,30대,G1,Build,D02,Product,Product,IC3,Series A,정규직,재직,,,2023-01-16,,16,3.69,4,3~5년,5.02,3~7년,,171
E0167,손아준,남성,1993-01-08,30대,G1,Build,D05,Data & AI,Data/AI,Lead,Series A,정규직,재직,,,2022-11-28,,95,3.82,4,3~5년,11.74,7~12년,,172
E0168,이빈리,남성,1987-06-19,30대,G1,Build,D03,Engineering,Engineering,IC3,Series A,정규직,재직,,,2023-01-03,,7,3.72,4,3~5년,4.30,3~7년,,173
E0169,류예준,남성,1994-08-17,30대,G3,Operations,D09,People,People,Manager,Series A,정규직,휴직,질병휴직,2025-09-27,2023-02-18,,48,3.59,4,3~5년,7.59,7~12년,,174
E0170,하철진,여성,1990-05-21,30대,G1,Build,D04,Design,Design,IC3,Series A,정규직,재직,,,2023-02-10,,24,3.62,4,3~5년,5.62,3~7년,,175
E0171,성빈연,여성,1987-11-26,30대,G1,Build,D02,Product,Product,Senior,Series A,정규직,재직,,,2022-12-01,,72,3.81,4,3~5년,9.81,7~12년,,176
E0172,장수지,여성,1990-11-27,30대,G1,Build,D05,Data & AI,Engineering,Lead,Series A,정규직,재직,,,2023-02-11,,98,3.61,4,3~5년,11.78,7~12년,,177
E0173,원하하,여성,1989-10-03,30대,G3,Operations,D10,Finance,Finance,Senior,Series A,정규직,재직,,,2022-12-28,,68,3.74,4,3~5년,9.41,7~12년,,178
E0174,홍라리,여성,1990-05-04,30대,G1,Build,D03,Engineering,Engineering,Manager,Series A,정규직,재직,,,2023-02-10,,119,3.62,4,3~5년,13.54,12년+,,179
E0175,성상연,여성,1986-09-21,40대,G1,Build,D02,Product,Product,Senior,Series A,정규직,재직,,,2023-01-08,,42,3.71,4,3~5년,7.21,7~12년,,180
E0176,임윤윤,남성,1990-08-09,30대,G1,Build,D03,Engineering,Engineering,IC3,Series A,정규직,재직,,,2022-12-27,,28,3.74,4,3~5년,6.07,3~7년,,181
E0177,심동원,남성,1995-10-03,30대,G2,Go-To-Market,D08,Customer Success,Customer Success,IC3,Series A,정규직,재직,,,2023-01-06,,51,3.71,4,3~5년,7.96,7~12년,,182
E0178,장수미,여성,1990-02-21,30대,G1,Build,D03,Engineering,Engineering,Lead,Series A,정규직,재직,,,2023-01-27,,78,3.66,4,3~5년,10.16,7~12년,,183
E0179,현선은,여성,1985-10-18,40대,G2,Go-To-Market,D08,Customer Success,Customer Success,Senior,Series A,정규직,재직,,,2022-12-23,,75,3.75,4,3~5년,10.00,7~12년,,184
E0180,유다영,여성,1985-07-19,40대,G2,Go-To-Market,D08,Customer Success,Customer Success,Senior,Series A,정규직,재직,,,2022-12-22,,43,3.75,4,3~5년,7.33,7~12년,,185
E0181,하철성,여성,1992-03-22,30대,G1,Build,D03,Engineering,Engineering,Senior,Series A,정규직,재직,,,2023-02-17,,85,3.60,4,3~5년,10.68,7~12년,,186
E0182,원수시,남성,1987-12-06,30대,G3,Operations,D10,Finance,Finance,Senior,Series A,정규직,재직,,,2023-01-25,,42,3.66,4,3~5년,7.16,7~12년,,187
E0183,양수수,여성,1999-09-02,20대,G1,Build,D04,Design,Design,IC3,Series A,정규직,재직,,,2023-01-22,,29,3.67,4,3~5년,6.09,3~7년,,188
E0184,김유훈,남성,1997-03-23,20대,G1,Build,D05,Data & AI,Data/AI,IC3,Series A,정규직,재직,,,2023-03-22,,20,3.51,4,3~5년,5.18,3~7년,,189
E0185,허주우,남성,1992-05-25,30대,G1,Build,D02,Product,Product,IC3,Series A,정규직,재직,,,2023-03-05,,32,3.55,4,3~5년,6.22,3~7년,,190
E0186,백호준,여성,1992-06-27,30대,G1,Build,D04,Design,Design,Senior,Series A,정규직,재직,,,2023-03-28,,63,3.49,4,3~5년,8.74,7~12년,,191
E0187,우윤호,남성,1968-02-19,50대+,G2,Go-To-Market,D06,Sales,Sales,Senior,Series A,계약직,재직,,,2023-04-05,2027-01-06,85,3.47,4,3~5년,10.55,7~12년,,192
E0188,원환찬,남성,1973-12-27,50대+,G1,Build,D05,Data & AI,Engineering,Manager,Series A,파견,재직,,,2023-02-18,2027-05-12,77,3.59,4,3~5년,10.01,7~12년,,193
E0189,성빈율,남성,1990-11-06,30대,G1,Build,D02,Product,Product,Manager,Series A,정규직,휴직,육아휴직,2026-05-25,2023-02-25,,17,3.58,4,3~5년,5.00,3~7년,,194
E0190,유빈민,남성,1987-02-25,30대,G3,Operations,D09,People,People,Senior,Series A,정규직,재직,,,2023-03-02,,19,3.56,4,3~5년,5.14,3~7년,,195
E0191,공인서,여성,1979-07-30,40대,G1,Build,D04,Design,Design,Senior,Series A,정규직,재직,,,2023-04-07,,104,3.46,4,3~5년,12.13,12년+,,196
E0192,차민태,여성,1988-01-02,30대,G1,Build,D02,Product,Product,IC3,Series A,정규직,재직,,,2023-04-30,,16,3.40,4,3~5년,4.73,3~7년,,197
E0193,안수우,남성,1970-05-09,50대+,G2,Go-To-Market,D06,Sales,Sales,Manager,Series A,정규직,재직,,,2023-04-30,,85,3.40,4,3~5년,10.48,7~12년,,198
E0194,양호시,여성,1988-06-10,30대,G1,Build,D04,Design,Design,IC3,Series A,정규직,재직,,,2023-05-03,,18,3.39,4,3~5년,4.89,3~7년,,199
E0195,차승현,여성,1991-02-17,30대,G3,Operations,D11,Legal & Compliance,Legal,IC3,Series A,정규직,재직,,,2023-05-09,,32,3.38,4,3~5년,6.05,3~7년,,200
E0196,성규선,여성,1987-11-29,30대,G2,Go-To-Market,D06,Sales,Sales,Senior,Series A,정규직,재직,,,2023-05-26,,59,3.33,4,3~5년,8.25,7~12년,,201
E0197,송준아,남성,1996-05-02,30대,G1,Build,D03,Engineering,Engineering,Senior,Series A,계약직,재직,,,2023-06-19,2027-09-25,60,3.26,4,3~5년,8.26,7~12년,,202
E0198,공리미,여성,1987-09-28,30대,G2,Go-To-Market,D06,Sales,Sales,Manager,Series A,파견,재직,,,2023-05-28,2028-03-09,99,3.32,4,3~5년,11.57,7~12년,,203
E0199,최동동,남성,1981-07-30,40대,G2,Go-To-Market,D06,Sales,Sales,Senior,Series A,정규직,휴직,질병휴직,2025-12-09,2023-05-21,,100,3.34,4,3~5년,11.67,7~12년,,204
E0200,윤유다,남성,1997-03-13,20대,G2,Go-To-Market,D06,Sales,Sales,IC3,Series A,파견,재직,,,2023-05-21,2028-01-04,25,3.34,4,3~5년,5.42,3~7년,,205
E0201,민원빈,남성,1983-06-15,40대,G2,Go-To-Market,D06,Sales,Sales,VP,Series A,정규직,재직,,,2023-05-06,,234,3.38,4,3~5년,22.88,12년+,,206
E0202,최연철,남성,1982-11-13,40대,G1,Build,D03,Engineering,Engineering,IC2,Series A,계약직,휴직,육아휴직,2026-01-27,2023-06-02,2027-09-07,118,3.31,4,3~5년,13.14,12년+,,207
E0203,문승소,여성,1990-02-19,30대,G1,Build,D03,Engineering,Engineering,Senior,Series A,정규직,재직,,,2023-07-07,,53,3.21,4,3~5년,7.63,7~12년,,208
E0204,천아나,남성,1984-07-24,40대,G1,Build,D05,Data & AI,Data/AI,VP,Series A,정규직,재직,,,2023-06-05,,222,3.30,4,3~5년,21.80,12년+,,209
E0205,성승리,여성,1989-04-24,30대,G2,Go-To-Market,D08,Customer Success,Customer Success,Senior,Series A,파견,재직,,,2023-08-12,2027-08-19,34,3.12,4,3~5년,5.95,3~7년,,210
E0206,양주상,여성,1978-03-09,40대,G3,Operations,D09,People,People,IC3,Series A,정규직,재직,,,2023-06-21,,27,3.26,4,3~5년,5.51,3~7년,,211
E0207,채재경,남성,1992-11-20,30대,G2,Go-To-Market,D06,Sales,Sales,IC2,Series A,정규직,재직,,,2023-06-15,,16,3.27,4,3~5년,4.60,3~7년,,212
E0208,공기윤,여성,1992-05-23,30대,G3,Operations,D10,Finance,Finance,Lead,Series A,파견,재직,,,2023-06-25,2027-04-27,53,3.25,4,3~5년,7.67,7~12년,,213
E0209,안규율,여성,1990-10-29,30대,G2,Go-To-Market,D07,Marketing,Marketing,Senior,Series A,정규직,재직,,,2023-08-04,,39,3.14,4,3~5년,6.39,3~7년,,214
E0210,손다희,여성,2001-03-13,20대,G1,Build,D04,Design,Design,IC3,Series A,정규직,재직,,,2023-06-27,,3,3.24,4,3~5년,3.49,3~7년,,215
E0211,배나시,남성,1990-11-07,30대,G1,Build,D02,Product,Product,Lead,Series A,정규직,재직,,,2023-06-15,,100,3.27,4,3~5년,11.60,7~12년,,216
E0212,심라영,남성,1992-10-23,30대,G1,Build,D03,Engineering,Engineering,Lead,Scale-up,계약직,재직,,,2023-09-06,2027-10-27,105,3.05,4,3~5년,11.80,7~12년,,217
E0213,천다소,여성,1986-11-15,30대,G1,Build,D05,Data & AI,Engineering,Manager,Series A,정규직,재직,,,2023-08-23,,187,3.09,4,3~5년,18.67,12년+,,218
E0214,황태유,여성,1970-12-13,50대+,G1,Build,D03,Engineering,Engineering,Manager,Series A,정규직,재직,,,2023-07-29,,200,3.15,4,3~5년,19.82,12년+,,219
E0215,나민재,남성,1976-12-24,40대,G2,Go-To-Market,D07,Marketing,Marketing,Manager,Scale-up,정규직,재직,,,2023-10-26,,211,2.91,3,1~3년,20.49,12년+,,220
E0216,지소동,미응답,1990-07-31,30대,G1,Build,D03,Engineering,Engineering,IC3,Scale-up,정규직,휴직,육아휴직,2025-09-29,2023-09-23,,111,3.00,4,3~5년,12.25,12년+,,221
E0217,최환우,여성,1982-08-18,40대,G1,Build,D05,Data & AI,Data/AI,IC2,Scale-up,인턴,재직,,,2023-10-23,2026-12-13,2,2.92,3,1~3년,3.09,3~7년,,222
E0218,박현빈,여성,1968-02-28,50대+,G1,Build,D03,Engineering,Engineering,Senior,Scale-up,계약직,재직,,,2023-11-23,2027-01-03,80,2.83,3,1~3년,9.50,7~12년,,223
E0219,남인원,남성,1996-05-11,30대,G1,Build,D04,Design,Design,IC3,Scale-up,정규직,재직,,,2023-11-23,,15,2.83,3,1~3년,4.08,3~7년,,224
E0220,성미경,여성,1987-11-21,30대,G1,Build,D04,Design,Design,Senior,Scale-up,정규직,재직,,,2023-12-14,,22,2.78,3,1~3년,4.61,3~7년,,225
E0221,허미규,남성,1995-02-21,30대,G2,Go-To-Market,D07,Marketing,Marketing,IC2,Scale-up,파견,재직,,,2023-12-21,2027-06-01,16,2.76,3,1~3년,4.09,3~7년,,226
E0222,양건준,여성,1994-07-31,30대,G1,Build,D02,Product,Product,IC2,Scale-up,정규직,재직,,,2023-11-01,,7,2.89,3,1~3년,3.47,3~7년,,227
E0223,허환혜,남성,1982-03-19,40대,G2,Go-To-Market,D08,Customer Success,Customer Success,Senior,Scale-up,정규직,재직,,,2023-12-14,,79,2.78,3,1~3년,9.36,7~12년,,228
E0224,엄유건,여성,1991-09-06,30대,G1,Build,D02,Product,Product,Lead,Scale-up,정규직,재직,,,2023-12-17,,105,2.77,3,1~3년,11.52,7~12년,,229
E0225,나원나,여성,1989-11-02,30대,G2,Go-To-Market,D06,Sales,Sales,IC3,Scale-up,정규직,재직,,,2023-10-23,,13,2.92,3,1~3년,4.00,3~7년,,230
E0226,방미재,여성,1987-03-18,30대,G2,Go-To-Market,D08,Customer Success,Customer Success,Senior,Scale-up,정규직,재직,,,2023-10-31,,63,2.90,3,1~3년,8.15,7~12년,,231
E0227,서경빈,남성,1999-01-04,20대,G1,Build,D03,Engineering,Engineering,IC3,Scale-up,파견,재직,,,2024-01-11,2026-10-06,41,2.70,3,1~3년,6.12,3~7년,,232
E0228,전민민,남성,1987-08-28,30대,G1,Build,D04,Design,Design,Lead,Scale-up,정규직,재직,,,2023-11-18,,102,2.85,3,1~3년,11.35,7~12년,,233
E0229,백영성,남성,1996-11-24,20대,G1,Build,D02,Product,Product,IC3,Scale-up,정규직,재직,,,2023-11-29,,58,2.82,3,1~3년,7.65,7~12년,,234
E0230,구훈재,여성,1977-01-26,40대,G2,Go-To-Market,D06,Sales,Sales,Manager,Scale-up,정규직,재직,,,2024-01-12,,207,2.70,3,1~3년,19.95,12년+,,235
E0231,지라서,여성,1977-08-06,40대,G1,Build,D03,Engineering,Engineering,Director,Scale-up,정규직,재직,,,2023-11-03,,222,2.89,3,1~3년,21.39,12년+,,236
E0232,민기나,여성,1996-12-26,20대,G1,Build,D03,Engineering,Engineering,IC2,Scale-up,정규직,재직,,,2024-01-28,,8,2.65,3,1~3년,3.32,3~7년,,237
E0233,성채인,미응답,1992-06-12,30대,G0,Executive,D01,CEO Office,Executive,IC3,Scale-up,정규직,재직,,,2023-12-27,,6,2.74,3,1~3년,3.24,3~7년,,238
E0234,전연빈,남성,1990-01-16,30대,G1,Build,D03,Engineering,Engineering,Senior,Scale-up,파견,재직,,,2023-12-18,2028-01-18,72,2.77,3,1~3년,8.77,7~12년,,239
E0235,전혜주,여성,1985-11-09,40대,G2,Go-To-Market,D08,Customer Success,Customer Success,Senior,Scale-up,정규직,재직,,,2023-11-18,,81,2.85,3,1~3년,9.60,7~12년,,240
E0236,오정진,남성,1988-10-17,30대,G2,Go-To-Market,D06,Sales,Sales,IC2,Scale-up,인턴,재직,,,2023-12-24,2026-11-01,5,2.75,3,1~3년,3.17,3~7년,,241
E0237,주수석,여성,1988-09-13,30대,G2,Go-To-Market,D06,Sales,Sales,Senior,Scale-up,정규직,재직,,,2024-02-05,,46,2.63,3,1~3년,6.46,3~7년,,242
E0238,서영시,여성,1989-03-02,30대,G2,Go-To-Market,D07,Marketing,Marketing,Manager,Scale-up,정규직,재직,,,2023-12-13,,150,2.78,3,1~3년,15.28,12년+,,243
E0239,방하철,남성,1987-01-27,30대,G2,Go-To-Market,D08,Customer Success,Customer Success,Senior,Scale-up,정규직,재직,,,2024-03-06,,51,2.55,3,1~3년,6.80,3~7년,,244
E0240,하성희,남성,1985-03-12,40대,G2,Go-To-Market,D06,Sales,Sales,IC2,Scale-up,정규직,재직,,,2024-03-14,,35,2.53,3,1~3년,5.45,3~7년,,245
E0241,권환도,여성,1990-09-04,30대,G1,Build,D02,Product,Product,Senior,Scale-up,정규직,재직,,,2024-01-11,,84,2.70,3,1~3년,9.70,7~12년,,246
E0242,강나시,여성,1992-03-28,30대,G1,Build,D05,Data & AI,Product,Senior,Scale-up,정규직,재직,,,2024-02-12,,90,2.61,3,1~3년,10.11,7~12년,,247
E0243,유석승,여성,1994-05-20,30대,G2,Go-To-Market,D06,Sales,Sales,IC3,Scale-up,정규직,재직,,,2024-01-09,,21,2.70,3,1~3년,4.45,3~7년,,248
E0244,공규규,남성,1997-08-06,20대,G0,Executive,D01,CEO Office,Executive,IC3,Scale-up,정규직,재직,,,2024-03-24,,2,2.50,3,1~3년,2.67,0~3년,,249
E0245,차예서,남성,1995-05-05,30대,G2,Go-To-Market,D08,Customer Success,Customer Success,IC2,Scale-up,정규직,재직,,,2024-03-19,,22,2.51,3,1~3년,4.34,3~7년,,250
E0246,양아윤,남성,1994-06-24,30대,G2,Go-To-Market,D06,Sales,Sales,IC1,Scale-up,정규직,재직,,,2024-02-14,,3,2.61,3,1~3년,2.86,0~3년,,251
E0247,전승연,남성,2000-09-10,20대,G1,Build,D05,Data & AI,Data/AI,IC3,Scale-up,정규직,재직,,,2024-03-10,,28,2.54,3,1~3년,4.87,3~7년,,252
E0248,오원도,남성,1997-08-10,20대,G1,Build,D03,Engineering,Engineering,IC2,Scale-up,계약직,재직,,,2024-04-04,2027-11-12,51,2.47,3,1~3년,6.72,3~7년,,253
E0249,황빈기,남성,1991-07-10,30대,G1,Build,D03,Engineering,Engineering,IC3,Scale-up,정규직,재직,,,2024-02-23,,38,2.58,3,1~3년,5.75,3~7년,,254
E0250,고선환,여성,1973-06-01,50대+,G1,Build,D03,Engineering,Engineering,Lead,Scale-up,정규직,재직,,,2024-04-24,,108,2.41,3,1~3년,11.41,7~12년,,255
E0251,이우율,미응답,1992-08-26,30대,G3,Operations,D11,Legal & Compliance,Legal,IC1,Scale-up,정규직,재직,,,2024-03-11,,3,2.54,3,1~3년,2.79,0~3년,,256
E0252,천아인,남성,1994-09-18,30대,G1,Build,D03,Engineering,Engineering,Lead,Scale-up,정규직,재직,,,2024-05-07,,109,2.38,3,1~3년,11.46,7~12년,,257
E0253,양영재,여성,1981-01-01,40대,G1,Build,D05,Data & AI,Data/AI,Manager,Scale-up,정규직,재직,,,2024-03-04,,119,2.55,3,1~3년,12.47,12년+,,258
E0254,김찬예,여성,1991-06-09,30대,G1,Build,D04,Design,Design,IC2,Scale-up,정규직,재직,,,2024-04-02,,1,2.48,3,1~3년,2.56,0~3년,,259
E0255,백훈원,남성,1991-09-18,30대,G2,Go-To-Market,D06,Sales,Sales,Manager,Scale-up,정규직,재직,,,2024-03-28,,118,2.49,3,1~3년,12.32,12년+,,260
E0256,안서다,여성,1974-06-09,50대+,G1,Build,D03,Engineering,Engineering,Director,Scale-up,정규직,재직,,,2024-03-22,,199,2.51,3,1~3년,19.09,12년+,,261
E0257,지유지,여성,2000-05-05,20대,G2,Go-To-Market,D07,Marketing,Marketing,IC3,Scale-up,정규직,재직,,,2024-04-13,,39,2.44,3,1~3년,5.69,3~7년,,262
E0258,이다혜,남성,1989-01-03,30대,G1,Build,D02,Product,Product,IC3,Scale-up,정규직,재직,,,2024-04-24,,50,2.41,3,1~3년,6.58,3~7년,,263
E0259,한동재,미응답,1997-09-27,20대,G2,Go-To-Market,D07,Marketing,Marketing,Senior,Scale-up,정규직,재직,,,2024-03-14,,32,2.53,3,1~3년,5.20,3~7년,,264
E0260,안연기,남성,1996-12-20,20대,G1,Build,D03,Engineering,Engineering,IC1,Scale-up,인턴,재직,,,2024-03-28,2027-01-11,2,2.49,3,1~3년,2.66,0~3년,,265
E0261,주경민,남성,1987-12-13,30대,G2,Go-To-Market,D07,Marketing,Marketing,Senior,Scale-up,정규직,재직,,,2024-06-01,,37,2.31,3,1~3년,5.39,3~7년,,266
E0262,진유원,남성,1999-10-23,20대,G1,Build,D02,Product,Product,Senior,Scale-up,파견,재직,,,2024-04-13,2027-06-29,35,2.44,3,1~3년,5.36,3~7년,,267
E0263,구혜성,남성,1996-12-22,20대,G2,Go-To-Market,D06,Sales,Sales,Senior,Scale-up,정규직,재직,,,2024-05-20,,78,2.34,3,1~3년,8.84,7~12년,,268
E0264,구건라,여성,1996-11-22,20대,G1,Build,D03,Engineering,Engineering,IC2,Scale-up,정규직,재직,,,2024-05-23,,1,2.34,3,1~3년,2.42,0~3년,,269
E0265,장인나,남성,1977-04-06,40대,G3,Operations,D10,Finance,Finance,Senior,Scale-up,정규직,재직,,,2024-05-21,,74,2.34,3,1~3년,8.51,7~12년,,270
E0266,주동선,남성,1991-02-06,30대,G3,Operations,D09,People,People,IC2,Scale-up,정규직,재직,,,2024-06-21,,27,2.26,3,1~3년,4.51,3~7년,,271
E0267,문인수,여성,1992-03-19,30대,G2,Go-To-Market,D07,Marketing,Marketing,IC3,Scale-up,정규직,재직,,,2024-05-06,,36,2.38,3,1~3년,5.38,3~7년,,272
E0268,방진윤,남성,1988-10-14,30대,G2,Go-To-Market,D06,Sales,Sales,Lead,Scale-up,정규직,재직,,,2024-06-11,,111,2.28,3,1~3년,11.53,7~12년,,273
E0269,강승다,남성,1989-05-29,30대,G1,Build,D04,Design,Design,IC2,Scale-up,계약직,재직,,,2024-06-18,2026-11-06,7,2.26,3,1~3년,2.84,0~3년,,274
E0270,안라예,남성,1993-06-08,30대,G1,Build,D03,Engineering,Engineering,Senior,Scale-up,정규직,재직,,,2024-05-24,,81,2.33,3,1~3년,9.08,7~12년,,275
E0271,양서경,여성,1988-06-12,30대,G2,Go-To-Market,D06,Sales,Sales,IC3,Scale-up,정규직,재직,,,2024-05-17,,60,2.35,3,1~3년,7.35,7~12년,,276
E0272,배정기,남성,1999-09-12,20대,G0,Executive,D01,CEO Office,Executive,IC3,Scale-up,정규직,재직,,,2024-07-19,,26,2.18,3,1~3년,4.35,3~7년,,277
E0273,차준석,여성,1990-03-24,30대,G2,Go-To-Market,D07,Marketing,Marketing,Senior,Scale-up,정규직,휴직,기타,2025-10-24,2024-06-02,,14,2.31,3,1~3년,3.48,3~7년,status-inconsistency,278
E0274,노규윤,여성,1997-08-12,20대,G1,Build,D03,Engineering,Engineering,Senior,Scale-up,정규직,재직,,,2024-07-29,,82,2.15,3,1~3년,8.98,7~12년,,279
E0275,주경나,남성,1997-03-14,20대,G1,Build,D02,Product,Product,IC2,Scale-up,정규직,재직,,,2024-08-19,,72,2.09,3,1~3년,8.09,7~12년,,280
E0276,홍진다,남성,1978-12-13,40대,G3,Operations,D09,People,People,IC3,Scale-up,정규직,재직,,,2024-07-26,,30,2.16,3,1~3년,4.66,3~7년,,281
E0277,민지예,여성,1988-09-24,30대,G1,Build,D02,Product,Product,Lead,Scale-up,정규직,재직,,,2024-06-07,,115,2.29,3,1~3년,11.87,7~12년,,282
E0278,홍지정,미응답,1998-06-09,20대,G1,Build,D03,Engineering,Engineering,IC2,Scale-up,정규직,재직,,,2024-08-26,,16,2.08,3,1~3년,3.41,3~7년,,283
E0279,박희민,남성,1994-05-18,30대,G3,Operations,D11,Legal & Compliance,Legal,IC2,Scale-up,계약직,재직,,,2024-07-30,2027-06-11,3,2.15,3,1~3년,2.40,0~3년,,284
E0280,허민연,남성,1996-03-30,30대,G1,Build,D03,Engineering,Engineering,IC3,Scale-up,정규직,재직,,,2024-08-23,,71,2.08,3,1~3년,8.00,7~12년,,285
E0281,장소현,여성,1993-06-25,30대,G1,Build,D03,Engineering,Engineering,IC2,Scale-up,정규직,재직,,,2024-06-14,,10,2.28,3,1~3년,3.11,3~7년,org-unknown,286
E0282,현윤환,남성,1995-02-11,30대,G1,Build,D02,Product,Product,Senior,Scale-up,정규직,재직,,,2024-07-01,,72,2.23,3,1~3년,8.23,7~12년,,287
E0283,주지희,여성,1991-03-28,30대,G1,Build,D05,Data & AI,Engineering,Lead,Scale-up,정규직,재직,,,2024-09-05,,104,2.05,3,1~3년,10.72,7~12년,,288
E0284,박재수,남성,2000-08-12,20대,G1,Build,D03,Engineering,Engineering,IC2,Scale-up,정규직,재직,,,2024-08-16,,9,2.10,3,1~3년,2.85,0~3년,,289
E0285,차미시,여성,1990-12-18,30대,G2,Go-To-Market,D07,Marketing,Marketing,IC2,Scale-up,정규직,재직,,,2024-08-01,,7,2.14,3,1~3년,2.72,0~3년,,290
E0286,공재미,남성,1988-07-11,30대,G1,Build,D03,Engineering,Engineering,IC2,Scale-up,정규직,재직,,,2024-08-29,,8,2.07,3,1~3년,2.74,0~3년,,291
E0287,차수상,여성,1988-04-27,30대,G1,Build,D02,Product,Product,IC3,Scale-up,정규직,재직,,,2024-09-02,,18,2.06,3,1~3년,3.56,3~7년,,292
E0288,성유인,여성,1993-03-16,30대,G1,Build,D05,Data & AI,Data/AI,IC2,Scale-up,정규직,재직,,,2024-08-10,,12,2.12,3,1~3년,3.12,3~7년,,293
E0289,오성미,남성,1998-11-20,20대,G2,Go-To-Market,D08,Customer Success,Customer Success,IC2,Scale-up,계약직,재직,,,2024-08-27,2027-02-27,45,2.07,3,1~3년,5.82,3~7년,,294
E0290,남나혜,남성,1993-09-14,30대,G3,Operations,D09,People,People,IC3,Scale-up,정규직,재직,,,2024-07-19,,49,2.18,3,1~3년,6.26,3~7년,,295
E0291,안유주,여성,1998-10-26,20대,G3,Operations,D11,Legal & Compliance,Legal,IC2,Scale-up,인턴,재직,,,2024-08-08,2027-02-28,2,2.12,3,1~3년,2.29,0~3년,,296
E0292,백혜은,남성,1999-11-16,20대,G0,Executive,D01,CEO Office,Executive,IC2,Scale-up,정규직,재직,,,2024-10-04,,3,1.97,2,1~3년,2.22,0~3년,,297
E0293,성혜준,여성,1993-09-10,30대,G3,Operations,D09,People,People,IC3,Scale-up,정규직,재직,,,2024-09-19,,78,2.01,3,1~3년,8.51,7~12년,,298
E0294,윤재철,남성,1982-07-29,40대,G2,Go-To-Market,D07,Marketing,Marketing,IC3,Scale-up,정규직,재직,,,2024-10-11,,39,1.95,2,1~3년,5.20,3~7년,,299
E0295,최철혜,남성,1982-11-12,40대,G1,Build,D03,Engineering,Engineering,IC2,Scale-up,정규직,재직,,,2024-10-07,,55,1.96,2,1~3년,6.54,3~7년,,300
E0296,류미주,남성,1998-06-24,20대,G2,Go-To-Market,D07,Marketing,Marketing,IC2,Scale-up,정규직,재직,,,2024-10-11,,9,1.95,2,1~3년,2.70,0~3년,,301
E0297,지서미,남성,2000-10-28,20대,G3,Operations,D11,Legal & Compliance,Legal,IC3,Scale-up,정규직,재직,,,2024-10-13,,21,1.94,2,1~3년,3.69,3~7년,,302
E0298,한서시,여성,1993-04-26,30대,G2,Go-To-Market,D06,Sales,Sales,IC3,Scale-up,정규직,재직,,,2024-10-05,,66,1.97,2,1~3년,7.47,7~12년,,303
E0299,민선민,남성,1993-03-06,30대,G2,Go-To-Market,D08,Customer Success,Customer Success,Senior,Scale-up,정규직,휴직,육아휴직,2026-05-21,2024-11-02,,101,1.89,2,1~3년,10.31,7~12년,,304
E0300,최규소,남성,1991-09-12,30대,G2,Go-To-Market,D07,Marketing,Marketing,Lead,Scale-up,정규직,재직,,,2024-11-03,,150,1.89,2,1~3년,14.39,12년+,,305
E0301,방희수,남성,1994-03-27,30대,G2,Go-To-Market,D06,Sales,Sales,IC3,Scale-up,정규직,재직,,,2024-10-20,,48,1.92,2,1~3년,5.92,3~7년,,306
E0302,장율우,남성,1994-04-09,30대,G2,Go-To-Market,D08,Customer Success,Customer Success,IC2,Scale-up,정규직,휴직,육아휴직,2026-01-12,2024-10-08,,50,1.96,2,1~3년,6.13,3~7년,,307
E0303,천재기,여성,2000-01-04,20대,G2,Go-To-Market,D06,Sales,Sales,IC2,Scale-up,정규직,재직,,,2024-11-13,,5,1.86,2,1~3년,2.28,0~3년,,308
E0304,남규서,남성,1988-12-23,30대,G1,Build,D03,Engineering,Engineering,Senior,Scale-up,정규직,재직,,,2024-10-15,,104,1.94,2,1~3년,10.61,7~12년,,309
E0305,우영라,여성,1988-03-01,30대,G1,Build,D04,Design,Design,Senior,Scale-up,정규직,휴직,육아휴직,2026-07-27,2024-11-20,,39,1.84,2,1~3년,5.09,3~7년,,310
E0306,권라진,여성,1990-08-07,30대,G2,Go-To-Market,D07,Marketing,Marketing,IC3,Scale-up,정규직,재직,,,2024-12-19,,44,1.76,2,1~3년,5.43,3~7년,org-unknown,311
E0307,우혜다,미응답,1997-06-14,20대,G1,Build,D05,Data & AI,Data/AI,Lead,Scale-up,정규직,휴직,육아휴직,2026-04-25,2024-12-30,,25,1.73,2,1~3년,3.81,3~7년,,312
E0308,유기지,남성,1994-07-04,30대,G1,Build,D05,Data & AI,Data/AI,IC1,Scale-up,정규직,재직,,,2024-12-14,,2,1.77,2,1~3년,1.94,0~3년,,313
E0309,남상도,남성,1967-01-05,50대+,G1,Build,D03,Engineering,Engineering,Lead,Scale-up,정규직,재직,,,2024-12-08,,121,1.79,2,1~3년,11.87,7~12년,,314
E0310,주우동,여성,1987-03-10,30대,G2,Go-To-Market,D08,Customer Success,Customer Success,IC2,Scale-up,정규직,재직,,,2024-11-21,,43,1.84,2,1~3년,5.42,3~7년,,315
E0311,배혜지,여성,1988-03-23,30대,G1,Build,D02,Product,Product,IC2,Scale-up,정규직,재직,,,2025-01-24,,32,1.66,2,1~3년,4.33,3~7년,,316
E0312,양인은,남성,1987-01-04,30대,G1,Build,D02,Product,Product,IC1,Scale-up,정규직,재직,,,2025-01-23,,12,1.66,2,1~3년,2.66,0~3년,,317
E0313,지훈예,미응답,1977-02-13,40대,G1,Build,D03,Engineering,Engineering,IC2,Scale-up,인턴,재직,,,2024-11-28,2026-12-05,9,1.82,2,1~3년,2.57,0~3년,,318
E0314,황지윤,남성,1989-11-14,30대,G2,Go-To-Market,D07,Marketing,Marketing,Senior,Scale-up,정규직,재직,,,2025-01-20,,89,1.67,2,1~3년,9.09,7~12년,,319
E0315,홍미선,여성,1989-11-07,30대,G2,Go-To-Market,D08,Customer Success,Customer Success,Senior,Scale-up,정규직,재직,,,2024-12-24,,58,1.75,2,1~3년,6.58,3~7년,,320
E0316,백상미,남성,1997-09-10,20대,G1,Build,D03,Engineering,Engineering,Senior,Scale-up,정규직,재직,,,2024-12-30,,66,1.73,2,1~3년,7.23,7~12년,,321
E0317,현경하,남성,1986-07-07,40대,G2,Go-To-Market,D08,Customer Success,Customer Success,Senior,Scale-up,정규직,재직,,,2025-01-11,,71,1.70,2,1~3년,7.62,7~12년,,322
E0318,공도훈,남성,1988-12-10,30대,G1,Build,D03,Engineering,Engineering,IC1,Scale-up,정규직,재직,,,2024-12-10,,3,1.79,2,1~3년,2.04,0~3년,,324
E0319,엄민아,여성,2000-03-06,20대,G2,Go-To-Market,D08,Customer Success,Customer Success,IC2,Scale-up,정규직,재직,,,2024-12-22,,8,1.75,2,1~3년,2.42,0~3년,,325
E0320,곽민윤,남성,1997-07-20,20대,G1,Build,D02,Product,Product,Senior,Scale-up,정규직,재직,,,2024-12-23,,79,1.75,2,1~3년,8.33,7~12년,,326
E0321,강철라,미응답,1993-09-30,30대,G1,Build,D02,Product,Product,IC3,Scale-up,정규직,휴직,육아휴직,2025-11-28,2025-02-14,,30,1.60,2,1~3년,4.10,3~7년,,327
E0322,송정정,여성,1995-10-05,30대,G3,Operations,D09,People,People,IC2,Scale-up,정규직,재직,,,2025-02-07,,20,1.62,2,1~3년,3.29,3~7년,,328
E0323,강성석,남성,1990-04-11,30대,G3,Operations,D11,Legal & Compliance,Legal,IC1,Scale-up,인턴,재직,,,2025-01-27,2027-02-20,9,1.65,2,1~3년,2.40,0~3년,,329
E0324,강경시,여성,1997-09-02,20대,G1,Build,D03,Engineering,Engineering,IC2,Scale-up,파견,재직,,,2025-02-26,2027-10-01,28,1.57,2,1~3년,3.90,3~7년,,330
E0325,주석경,남성,1996-12-13,20대,G2,Go-To-Market,D07,Marketing,Marketing,IC3,Scale-up,정규직,재직,,,2025-03-10,,54,1.54,2,1~3년,6.04,3~7년,,332
E0326,천예아,여성,2001-07-28,20대,G2,Go-To-Market,D08,Customer Success,Customer Success,IC3,Scale-up,계약직,재직,,,2025-01-22,2027-01-12,30,1.67,2,1~3년,4.17,3~7년,,333
E0327,홍주아,여성,2001-01-02,20대,G1,Build,D02,Product,Product,IC2,Scale-up,계약직,재직,,,2025-03-11,2026-10-05,2,1.54,2,1~3년,1.71,0~3년,,334
E0328,황시아,여성,1986-04-20,40대,G3,Operations,D09,People,People,IC3,Scale-up,정규직,재직,,,2025-03-20,,54,1.51,2,1~3년,6.01,3~7년,,335
E0329,임진석,여성,1988-02-15,30대,G1,Build,D03,Engineering,Engineering,IC1,Scale-up,정규직,재직,,,2025-02-15,,4,1.60,2,1~3년,1.93,0~3년,,336
E0330,조소율,남성,1999-02-04,20대,G1,Build,D03,Engineering,Engineering,IC1,Scale-up,정규직,재직,,,2025-04-11,,8,1.45,2,1~3년,2.12,0~3년,,337
E0331,심규동,여성,1989-02-18,30대,G1,Build,D03,Engineering,Engineering,Lead,Scale-up,정규직,재직,,,2025-03-11,,101,1.54,2,1~3년,9.96,7~12년,,338
E0332,박찬환,남성,1977-06-04,40대,G1,Build,D03,Engineering,Engineering,Director,Scale-up,정규직,재직,,,2025-02-05,,254,1.63,2,1~3년,22.80,12년+,,339
E0333,전서상,여성,2001-04-08,20대,G1,Build,D03,Engineering,Engineering,IC1,Scale-up,인턴,재직,,,2025-04-14,2026-10-10,9,1.44,2,1~3년,2.19,0~3년,,340
E0334,고상정,미응답,1998-03-17,20대,G1,Build,D03,Engineering,Engineering,IC2,Scale-up,정규직,재직,,,2025-02-25,,46,1.57,2,1~3년,5.40,3~7년,,341
E0335,문인채,남성,2000-01-26,20대,G2,Go-To-Market,D07,Marketing,Marketing,IC3,Scale-up,정규직,재직,,,2025-04-26,,53,1.41,2,1~3년,5.83,3~7년,,342
E0336,현윤경,미응답,1987-02-25,30대,G1,Build,D03,Engineering,Engineering,IC3,Scale-up,정규직,재직,,,2025-05-09,,91,1.37,2,1~3년,8.95,7~12년,,343
E0337,김하수,여성,1991-04-28,30대,G1,Build,D03,Engineering,Engineering,IC3,Scale-up,정규직,재직,,,2025-03-01,,37,1.56,2,1~3년,4.64,3~7년,,344
E0338,고태정,미응답,1988-04-13,30대,G3,Operations,D09,People,People,IC3,Scale-up,정규직,재직,,,2025-03-23,,29,1.50,2,1~3년,3.92,3~7년,,345
E0339,강철철,여성,1978-09-20,40대,G1,Build,D05,Data & AI,Engineering,IC2,Scale-up,계약직,재직,,,2025-04-24,2027-07-29,36,1.42,2,1~3년,4.42,3~7년,,346
E0340,장현소,남성,1998-09-12,20대,G3,Operations,D09,People,People,IC1,Scale-up,정규직,재직,,,2025-06-18,,29,1.26,2,1~3년,3.68,3~7년,,347
E0341,남유하,여성,1997-12-13,20대,G1,Build,D05,Data & AI,Data/AI,IC1,Scale-up,정규직,재직,,,2025-05-12,,22,1.37,2,1~3년,3.20,3~7년,,348
E0342,노태성,남성,1992-05-08,30대,G1,Build,D05,Data & AI,Data/AI,IC1,Scale-up,정규직,재직,,,2025-04-23,,4,1.42,2,1~3년,1.75,0~3년,,349
E0343,공도환,여성,1992-05-30,30대,G2,Go-To-Market,D06,Sales,Sales,IC3,Scale-up,파견,재직,,,2025-06-12,2027-02-13,61,1.28,2,1~3년,6.36,3~7년,,350
E0344,차석아,여성,2000-12-12,20대,G1,Build,D04,Design,Design,IC2,Scale-up,정규직,재직,,,2025-06-28,,24,1.24,2,1~3년,3.24,3~7년,,351
E0345,민석태,여성,1993-02-26,30대,G2,Go-To-Market,D06,Sales,Sales,IC2,Scale-up,인턴,재직,,,2025-05-06,2026-12-19,13,1.38,2,1~3년,2.46,0~3년,,352
E0346,송연찬,남성,2003-08-13,20대,G1,Build,D03,Engineering,Engineering,IC2,Scale-up,인턴,재직,,,2025-06-02,2026-11-07,15,1.31,2,1~3년,2.56,0~3년,,353
E0347,홍찬영,남성,1988-05-16,30대,G2,Go-To-Market,D08,Customer Success,Customer Success,IC1,Scale-up,정규직,재직,,,2025-05-08,,15,1.38,2,1~3년,2.63,0~3년,,354
E0348,심상인,여성,1999-09-04,20대,G2,Go-To-Market,D06,Sales,Sales,IC2,Scale-up,정규직,재직,,,2025-07-05,,33,1.22,2,1~3년,3.97,3~7년,,355
E0349,서주나,남성,1977-05-08,40대,G2,Go-To-Market,D06,Sales,Sales,IC3,Scale-up,정규직,재직,,,2025-05-31,,37,1.31,2,1~3년,4.39,3~7년,,356
E0350,현민예,여성,1998-01-20,20대,G2,Go-To-Market,D07,Marketing,Marketing,IC1,Enterprise,인턴,재직,,,2025-08-05,,14,1.13,2,1~3년,2.30,0~3년,missing-required,357
E0351,정석미,미응답,2002-10-31,20대,G2,Go-To-Market,D06,Sales,Sales,IC2,Enterprise,정규직,재직,,,2025-08-03,,20,1.14,2,1~3년,2.81,0~3년,,358
E0352,안찬아,남성,2002-04-24,20대,G1,Build,D03,Engineering,Engineering,IC2,Scale-up,인턴,재직,,,2025-07-30,2026-09-30,8,1.15,2,1~3년,1.82,0~3년,,359
E0353,강시나,여성,2001-09-08,20대,G2,Go-To-Market,D06,Sales,Sales,IC2,Scale-up,파견,재직,,,2025-07-10,2027-10-14,9,1.20,2,1~3년,1.95,0~3년,,360
E0354,배영혜,여성,2002-06-14,20대,G1,Build,D03,Engineering,Engineering,IC1,Scale-up,정규직,재직,,,2025-05-29,,22,1.32,2,1~3년,3.15,3~7년,,361
E0355,전지훈,여성,2001-05-01,20대,G1,Build,D05,Data & AI,Engineering,IC2,Scale-up,정규직,재직,,,2025-06-02,,36,1.31,2,1~3년,4.31,3~7년,,362
E0356,주도빈,여성,1989-09-27,30대,G2,Go-To-Market,D07,Marketing,Marketing,Senior,Scale-up,정규직,재직,,,2025-07-29,,104,1.15,2,1~3년,9.82,7~12년,,363
E0357,고인예,여성,1988-03-25,30대,G1,Build,D05,Data & AI,Engineering,IC3,Enterprise,계약직,재직,,,2025-08-27,2028-03-12,59,1.07,2,1~3년,5.99,3~7년,,364
E0358,임도주,여성,1998-10-08,20대,G2,Go-To-Market,D08,Customer Success,Customer Success,IC2,Scale-up,정규직,재직,,,2025-06-21,,33,1.26,2,1~3년,4.01,3~7년,,365
E0359,한리혜,여성,1988-06-22,30대,G1,Build,D03,Engineering,Engineering,Manager,Scale-up,정규직,휴직,육아휴직,2026-05-19,2025-07-01,,118,1.23,2,1~3년,11.06,7~12년,,366
E0360,허지예,남성,1997-11-29,20대,G1,Build,D03,Engineering,Engineering,IC3,Enterprise,정규직,재직,,,2025-09-06,,70,1.05,2,1~3년,6.88,3~7년,,367
E0361,민상다,남성,1993-01-15,30대,G1,Build,D03,Engineering,Engineering,IC2,Scale-up,정규직,재직,,,2025-06-21,,9,1.26,2,1~3년,2.01,0~3년,,368
E0362,전민소,남성,1991-07-18,30대,G1,Build,D02,Product,Product,IC2,Scale-up,정규직,재직,,,2025-07-09,,39,1.21,2,1~3년,4.46,3~7년,,369
E0363,서예채,여성,1995-10-06,30대,G2,Go-To-Market,D06,Sales,Sales,IC2,Scale-up,계약직,재직,,,2025-07-12,2027-06-09,32,1.20,2,1~3년,3.87,3~7년,,370
E0364,최동시,남성,1998-10-25,20대,G2,Go-To-Market,D07,Marketing,Marketing,IC3,Enterprise,정규직,재직,,,2025-08-12,,51,1.11,2,1~3년,5.36,3~7년,,371
E0365,권유수,남성,1995-09-14,30대,G1,Build,D03,Engineering,Engineering,IC2,Scale-up,파견,재직,,,2025-07-08,2027-10-23,41,1.21,2,1~3년,4.63,3~7년,,372
E0366,남지미,여성,1981-02-13,40대,G1,Build,D02,Product,Product,Manager,Enterprise,정규직,재직,,,2025-09-12,,247,1.03,2,1~3년,21.61,12년+,,373
E0367,민연예,여성,1996-01-08,30대,G1,Build,D03,Engineering,Engineering,IC2,Enterprise,정규직,재직,,,2025-07-31,,10,1.15,2,1~3년,1.98,0~3년,,374
E0368,우하은,남성,1994-08-29,30대,G1,Build,D02,Product,Product,IC3,Enterprise,정규직,재직,,,2025-08-05,,75,1.13,2,1~3년,7.38,7~12년,,375
E0369,우태율,남성,1991-09-14,30대,G1,Build,D03,Engineering,Engineering,IC3,Scale-up,정규직,재직,,,2025-07-28,,57,1.16,2,1~3년,5.91,3~7년,,376
E0370,고원환,남성,1988-12-11,30대,G3,Operations,D11,Legal & Compliance,Legal,IC2,Enterprise,인턴,재직,,,2025-08-23,,8,1.08,2,1~3년,1.75,0~3년,missing-required,377
E0371,나상아,남성,1997-03-17,20대,G0,Executive,D01,CEO Office,Executive,Senior,Enterprise,정규직,재직,,,2025-10-05,,85,0.97,1,1년 미만,8.05,7~12년,,378
E0372,심라현,남성,1993-01-28,30대,G3,Operations,D10,Finance,Finance,IC2,Enterprise,인턴,재직,,,2025-08-17,2026-10-11,1,1.10,2,1~3년,1.18,0~3년,,379
E0373,허희정,여성,1990-10-21,30대,G1,Build,D03,Engineering,Engineering,IC2,Enterprise,정규직,재직,,,2025-10-24,,31,0.91,1,1년 미만,3.49,3~7년,,380
E0374,강훈다,여성,1992-02-11,30대,G2,Go-To-Market,D07,Marketing,Marketing,IC1,Enterprise,인턴,재직,,,2025-11-01,2026-12-11,11,0.89,1,1년 미만,1.81,0~3년,,381
E0375,남태인,여성,1998-11-10,20대,G2,Go-To-Market,D06,Sales,Sales,IC2,Enterprise,정규직,재직,,,2025-10-25,,61,0.91,1,1년 미만,5.99,3~7년,,382
E0376,허은윤,미응답,1996-02-03,30대,G2,Go-To-Market,D08,Customer Success,Customer Success,IC1,Enterprise,정규직,재직,,,2025-08-27,,15,1.07,2,1~3년,2.32,0~3년,,383
E0377,서현다,남성,1995-12-01,30대,G2,Go-To-Market,D08,Customer Success,Customer Success,IC2,Enterprise,정규직,재직,,,2025-08-20,,58,1.09,2,1~3년,5.92,3~7년,,384
E0378,차원채,여성,1986-10-27,30대,G3,Operations,D10,Finance,Finance,IC2,Enterprise,정규직,재직,,,2025-10-10,,9,0.95,1,1년 미만,1.70,0~3년,,385
E0379,성진서,여성,2000-08-30,20대,G2,Go-To-Market,D06,Sales,Sales,IC3,Enterprise,정규직,재직,,,2025-10-07,,46,0.96,1,1년 미만,4.79,3~7년,,386
E0380,박소아,여성,1989-04-14,30대,G1,Build,D03,Engineering,Engineering,IC3,Enterprise,정규직,재직,,,2025-12-01,,60,0.81,1,1년 미만,5.81,3~7년,,387
E0381,곽철석,남성,1987-05-16,30대,G3,Operations,D09,People,People,IC2,Enterprise,정규직,재직,,,2025-11-09,,24,0.87,1,1년 미만,2.87,0~3년,,388
E0382,류건채,남성,1998-12-10,20대,G1,Build,D02,Product,Product,IC3,Enterprise,정규직,재직,,,2025-10-18,,47,0.93,1,1년 미만,4.85,3~7년,,389
E0383,전소진,여성,1997-01-16,20대,G1,Build,D03,Engineering,Engineering,IC1,Enterprise,정규직,재직,,,2025-11-11,,8,0.87,1,1년 미만,1.54,0~3년,,390
E0384,문도영,남성,1998-07-30,20대,G3,Operations,D09,People,People,IC2,Enterprise,계약직,재직,,,2025-12-14,2027-02-23,59,0.77,1,1년 미만,5.69,3~7년,,391
E0385,구미영,남성,1980-10-07,40대,G1,Build,D04,Design,Design,IC3,Enterprise,정규직,재직,,,2025-12-27,,50,0.74,1,1년 미만,4.91,3~7년,,392
E0386,권훈율,여성,1967-09-03,50대+,G1,Build,D05,Data & AI,Data/AI,IC3,Enterprise,정규직,재직,,,2025-10-11,,70,0.95,1,1년 미만,6.78,3~7년,,393
E0387,허미기,여성,1997-10-30,20대,G1,Build,D05,Data & AI,Data/AI,IC3,Enterprise,정규직,재직,,,2025-12-09,,78,0.79,1,1년 미만,7.29,7~12년,,394
E0388,백상예,여성,1990-08-22,30대,G2,Go-To-Market,D06,Sales,Sales,IC3,Enterprise,계약직,재직,,,2025-10-29,2026-12-14,53,0.90,1,1년 미만,5.32,3~7년,,395
E0389,양승태,남성,2000-07-03,20대,G1,Build,D02,Product,Product,IC1,Enterprise,인턴,재직,,,2025-11-17,2027-03-26,13,0.85,1,1년 미만,1.93,0~3년,,396
E0390,홍태윤,여성,1995-05-23,30대,G2,Go-To-Market,D06,Sales,Sales,IC1,Enterprise,인턴,재직,,,2026-02-13,2026-11-07,26,0.61,1,1년 미만,2.78,0~3년,,397
E0391,나경채,여성,1990-04-20,30대,G1,Build,D04,Design,Design,IC3,Enterprise,정규직,재직,,,2026-02-18,,70,0.59,1,1년 미만,6.42,3~7년,,398
E0392,차라준,여성,1993-12-31,30대,G1,Build,D03,Engineering,Engineering,Senior,Enterprise,계약직,재직,,,2026-01-19,2026-11-17,73,0.68,1,1년 미만,6.76,3~7년,,399
E0393,박재은,미응답,1993-05-21,30대,G1,Build,D02,Product,Product,IC3,Enterprise,파견,재직,,,2026-01-14,2027-10-09,58,0.69,1,1년 미만,5.52,3~7년,,400
E0394,노나아,남성,1990-07-25,30대,G0,Executive,D01,CEO Office,Executive,IC1,Enterprise,정규직,재직,,,2026-01-01,,40,0.73,1,1년 미만,4.06,3~7년,,401
E0395,황윤상,여성,1989-07-14,30대,G2,Go-To-Market,D06,Sales,Sales,IC2,Enterprise,인턴,재직,,,2026-02-16,2026-09-30,5,0.60,1,1년 미만,1.02,0~3년,,402
E0396,천호리,여성,2000-05-03,20대,G1,Build,D02,Product,Product,IC3,Enterprise,정규직,재직,,,2026-03-05,,65,0.55,1,1년 미만,5.97,3~7년,,403
E0397,한율서,여성,1994-08-04,30대,G2,Go-To-Market,D06,Sales,Sales,IC2,Enterprise,정규직,재직,,,2026-03-19,,45,0.51,1,1년 미만,4.26,3~7년,,404
E0398,천채석,남성,1994-01-11,30대,G2,Go-To-Market,D08,Customer Success,Customer Success,IC2,Enterprise,정규직,재직,,,2026-02-03,,31,0.64,1,1년 미만,3.22,3~7년,,405
E0399,송혜은,남성,1995-08-16,30대,G1,Build,D04,Design,Design,IC1,Enterprise,정규직,재직,,,2026-03-18,,1,0.52,1,1년 미만,0.60,0~3년,,406
E0400,성주기,남성,1995-10-07,30대,G1,Build,D05,Data & AI,Data/AI,IC1,Enterprise,정규직,재직,,,2026-04-18,,28,0.43,1,1년 미만,2.76,0~3년,,407
E0401,채석아,여성,1985-04-12,40대,G2,Go-To-Market,D08,Customer Success,Customer Success,IC1,Enterprise,정규직,재직,,,2026-03-15,,7,0.53,1,1년 미만,1.11,0~3년,,408
E0402,정정라,여성,1988-03-04,30대,G1,Build,D02,Product,Product,Lead,Enterprise,정규직,재직,,,2026-03-17,,120,0.52,1,1년 미만,10.52,7~12년,,409
E0403,권상주,남성,1993-10-24,30대,G3,Operations,D10,Finance,Finance,IC1,Enterprise,파견,재직,,,2026-04-12,2028-01-12,6,0.45,1,1년 미만,0.95,0~3년,,410
E0404,황예윤,여성,1989-12-02,30대,G1,Build,D05,Data & AI,Engineering,IC3,Enterprise,정규직,재직,,,2026-04-05,,94,0.47,1,1년 미만,8.30,7~12년,,411
E0405,강진라,여성,1995-09-14,30대,G3,Operations,D10,Finance,Finance,IC2,Enterprise,계약직,재직,,,2026-03-06,2027-06-15,69,0.55,1,1년 미만,6.30,3~7년,,412
E0406,허인현,남성,1992-11-06,30대,G2,Go-To-Market,D06,Sales,Sales,IC3,Enterprise,정규직,재직,,,2026-04-19,,32,0.43,1,1년 미만,3.10,3~7년,,413
E0407,현도아,남성,1997-10-29,20대,G1,Build,D03,Engineering,Engineering,IC1,Enterprise,인턴,재직,,,2026-06-15,2026-10-22,11,0.27,1,1년 미만,1.19,0~3년,,414
E0408,곽찬율,남성,1996-12-19,20대,G3,Operations,D10,Finance,Finance,Senior,Enterprise,정규직,재직,,,2026-04-01,,94,0.48,1,1년 미만,8.31,7~12년,,415
E0409,나빈건,남성,1974-05-27,50대+,G2,Go-To-Market,D08,Customer Success,Customer Success,IC1,Enterprise,정규직,재직,,,2026-04-20,,15,0.43,1,1년 미만,1.68,0~3년,,416
E0410,황아원,미응답,1997-12-04,20대,G1,Build,D03,Engineering,Engineering,Senior,Enterprise,정규직,재직,,,2026-06-19,,72,0.26,1,1년 미만,6.26,3~7년,,417
E0411,우상지,여성,1988-12-09,30대,G2,Go-To-Market,D08,Customer Success,Customer Success,IC3,Enterprise,정규직,재직,,,2026-05-16,,62,0.36,1,1년 미만,5.53,3~7년,,418
E0412,정진철,미응답,1991-05-04,30대,G1,Build,D03,Engineering,Engineering,IC3,Enterprise,정규직,재직,,,2026-07-06,,72,0.22,1,1년 미만,6.22,3~7년,,419
E0413,차빈율,여성,1989-09-11,30대,G1,Build,D02,Product,Product,Senior,Enterprise,파견,재직,,,2026-06-17,2027-08-25,76,0.27,1,1년 미만,6.60,3~7년,,420
E0414,구건철,여성,2002-09-26,20대,G2,Go-To-Market,D08,Customer Success,Customer Success,IC1,Enterprise,정규직,재직,,,2026-07-05,,24,0.22,1,1년 미만,2.22,0~3년,,421
E0415,박찬연,남성,2001-08-30,20대,G1,Build,D03,Engineering,Engineering,IC1,Enterprise,정규직,재직,,,2026-08-30,,38,0.07,1,1년 미만,3.24,3~7년,,422
E0416,백규현,여성,1998-08-09,20대,G1,Build,D03,Engineering,Engineering,IC3,Enterprise,정규직,재직,,,2026-07-04,,68,0.22,1,1년 미만,5.89,3~7년,,423
E0417,구준주,여성,1989-10-13,30대,G1,Build,D03,Engineering,Engineering,IC2,Enterprise,인턴,재직,,,2026-08-13,2026-10-03,24,0.11,1,1년 미만,2.11,0~3년,,424
E0418,차지선,남성,1986-12-19,30대,G1,Build,D03,Engineering,Engineering,IC3,Enterprise,정규직,재직,,,2026-06-16,,47,0.27,1,1년 미만,4.19,3~7년,,425
E0419,방경리,남성,1999-08-29,20대,G1,Build,D02,Product,Product,IC1,Enterprise,정규직,재직,,,2026-09-05,,15,0.05,1,1년 미만,1.30,0~3년,,426
E0420,백재영,여성,1993-12-21,30대,G1,Build,D05,Data & AI,Engineering,Senior,Enterprise,정규직,재직,,,2026-09-08,,82,0.04,1,1년 미만,6.87,3~7년,,427
E0421,주석아,남성,1989-03-17,30대,G2,Go-To-Market,D06,Sales,Sales,IC2,Enterprise,정규직,재직,,,2026-07-14,,46,0.19,1,1년 미만,4.02,3~7년,,428
E0422,심준호,남성,1990-04-05,30대,G2,Go-To-Market,D07,Marketing,Marketing,Senior,Enterprise,정규직,재직,,,2026-09-10,,118,0.04,1,1년 미만,9.87,7~12년,,429
E0423,서건유,여성,2002-05-16,20대,G1,Build,D02,Product,Product,IC2,Enterprise,정규직,재직,,,2026-08-07,,45,0.13,1,1년 미만,3.88,3~7년,,430
E0424,신영미,남성,1996-05-19,30대,G2,Go-To-Market,D06,Sales,Sales,IC1,Enterprise,정규직,재직,,,2026-09-10,,25,0.04,1,1년 미만,2.12,0~3년,,431
E0425,오찬찬,남성,2001-01-06,20대,G1,Build,D02,Product,Product,IC1,Enterprise,정규직,재직,,,2026-09-20,,13,0.01,1,1년 미만,1.09,0~3년,,432
E0426,류정태,남성,1989-10-26,30대,G1,Build,D02,Product,Product,IC3,Enterprise,정규직,재직,,,2026-10-10,,74,0.00,1,1년 미만,6.17,3~7년,date-logic,433
E0427,우규훈,여성,1986-07-10,40대,G1,Build,D03,Engineering,Engineering,IC3,Enterprise,정규직,재직,,,2026-10-21,,72,0.00,1,1년 미만,6.00,3~7년,date-logic,434
